0051,"MacBook Pro (16-inch, 2019)"
0056,"MacBook Pro (13-inch, 2020, Two Thunderbolt 3 ports)"
03T9,"MacBook Pro (16-inch, 2019)"
049N,"MacBook Pro (13-inch, 2020, Two Thunderbolt 3 ports)"
05J5,"MacBook Pro (16-inch, 2019)"
0DH8,"MacBook Pro (16-inch, 2019)"
0DHT,"MacBook Pro (13-inch, 2020, Four Thunderbolt 3 ports)"
1ATN,"MacBook Pro (13-inch, Mid 2010)"
1WFV,"MacBook Air (M1, 2020)"
265F,"MacBook Air (M1, 2020)"
3GRL,"MacBook Pro (13-inch, Mid 2010)"
4GQL,"MacBook Pro (15-inch, Mid 2010)"
5AGU,"MacBook Pro (15-inch, Mid 2010)"
6AGU,"MacBook Pro (15-inch, Mid 2010)"
9AGU,"MacBook Pro (15-inch, Mid 2010)"
9AGY,"MacBook Pro (15-inch, Mid 2010)"
AATP,"MacBook Pro (13-inch, Mid 2010)"
AY5W,"MacBook Pro (17-inch, Late 2011)"
BAGX,"MacBook Pro (15-inch, Mid 2010)"
DAGU,"MacBook Pro (15-inch, Mid 2010)"
DAGX,"MacBook Pro (15-inch, Mid 2010)"
DC79,"MacBook Pro (17-inch, Mid 2010)"
DC7C,"MacBook Pro (17-inch, Mid 2010)"
DCV9,"MacBook Pro (17-inch, Mid 2010)"
DCVC,"MacBook Pro (17-inch, Mid 2010)"
DD6Y,"MacBook Pro (17-inch, Mid 2010)"
DDHM,"MacBook Pro (17-inch, Mid 2010)"
DDHN,"MacBook Pro (17-inch, Mid 2010)"
DDJT,"MacBook Pro (17-inch, Mid 2010)"
DDJV,"MacBook Pro (17-inch, Mid 2010)"
DDJW,"MacBook Pro (17-inch, Mid 2010)"
DDJX,"MacBook Pro (17-inch, Mid 2010)"
DDJY,"MacBook Pro (17-inch, Mid 2010)"
DDK0,"MacBook Pro (17-inch, Mid 2010)"
DDK1,"MacBook Pro (17-inch, Mid 2010)"
DDK2,"MacBook Pro (17-inch, Mid 2010)"
DDK3,"MacBook Pro (17-inch, Mid 2010)"
DDK4,"MacBook Pro (17-inch, Mid 2010)"
DDQW,"MacBook Air (11-inch, Late 2010)"
DDQX,"MacBook Air (11-inch, Late 2010)"
DDQY,"MacBook Air (11-inch, Late 2010)"
DDR0,"MacBook Air (11-inch, Late 2010)"
DDR1,"MacBook Air (13-inch, Late 2010)"
DDR2,"MacBook Air (13-inch, Late 2010)"
DDR3,"MacBook Air (13-inch, Late 2010)"
DDR4,"MacBook Air (13-inch, Late 2010)"
DF8V,"MacBook Pro (15-inch, Early 2011)"
DF8X,"MacBook Pro (15-inch, Early 2011)"
DF8Y,"MacBook Pro (15-inch, Early 2011)"
DF91,"MacBook Pro (15-inch, Early 2011)"
DF92,"MacBook Pro (17-inch, Early 2011)"
DF93,"MacBook Pro (17-inch, Early 2011)"
DH2G,"MacBook Pro (13-inch, Early 2011)"
DH2H,"MacBook Pro (13-inch, Early 2011)"
DH2L,"MacBook Pro (13-inch, Early 2011)"
DH2M,"MacBook Pro (13-inch, Early 2011)"
DHVV,"MacBook Pro (17-inch, Mid 2010)"
DHYC,"MacBook Pro (17-inch, Mid 2010)"
DJ5F,"MacBook Air (13-inch, Late 2010)"
DJ5G,"MacBook Air (13-inch, Late 2010)"
DJ5H,"MacBook Air (11-inch, Late 2010)"
DJ5J,"MacBook Air (11-inch, Late 2010)"
DJ66,"MacBook Air (13-inch, Late 2010)"
DJ67,"MacBook Air (11-inch, Late 2010)"
DJ6G,"MacBook Pro (17-inch, Mid 2010)"
DJDK,"MacBook Air (13-inch, Late 2010)"
DJDL,"MacBook Air (11-inch, Late 2010)"
DJLP,"MacBook Air (13-inch, Late 2010)"
DJLQ,"MacBook Air (13-inch, Late 2010)"
DJQK,"MacBook Pro (17-inch, Mid 2010)"
DJQL,"MacBook Pro (17-inch, Mid 2010)"
DJWQ,"MacBook Air (13-inch, Mid 2011)"
DJWR,"MacBook Air (13-inch, Mid 2011)"
DJWT,"MacBook Air (13-inch, Mid 2011)"
DJWV,"MacBook Air (13-inch, Mid 2011)"
DJY8,"MacBook Air (11-inch, Mid 2011)"
DJY9,"MacBook Air (11-inch, Mid 2011)"
DJYC,"MacBook Air (11-inch, Mid 2011)"
DJYD,"MacBook Air (11-inch, Mid 2011)"
DK9H,"MacBook Pro (17-inch, Mid 2010)"
DK9J,"MacBook Pro (17-inch, Mid 2010)"
DK9K,"MacBook Pro (17-inch, Mid 2010)"
DKQ1,"MacBook Pro (Retina, Mid 2012)"
DKQ2,"MacBook Pro (Retina, Mid 2012)"
DKQ4,"MacBook Pro (Retina, Mid 2012)"
DKQ5,"MacBook Pro (Retina, Mid 2012)"
DLN5,"MacBook Pro (13-inch, Early 2011)"
DLN6,"MacBook Pro (13-inch, Early 2011)"
DLN7,"MacBook Pro (15-inch, Early 2011)"
DLN8,"MacBook Pro (15-inch, Early 2011)"
DLN9,"MacBook Pro (17-inch, Early 2011)"
DLNC,"MacBook Pro (17-inch, Early 2011)"
DM75,"MacBook Pro (13-inch, Early 2011)"
DMC8,"MacBook Pro (15-inch, Early 2011)"
DMC9,"MacBook Pro (15-inch, Early 2011)"
DMDG,"MacBook Pro (15-inch, Early 2011)"
DMDH,"MacBook Pro (15-inch, Early 2011)"
DMDJ,"MacBook Pro (15-inch, Early 2011)"
DMGG,"MacBook Pro (15-inch, Early 2011)"
DMGH,"MacBook Pro (17-inch, Early 2011)"
DMLF,"MacBook Pro (13-inch, Early 2011)"
DMLH,"MacBook Pro (13-inch, Early 2011)"
DMLJ,"MacBook Pro (13-inch, Early 2011)"
DMMF,"MacBook Pro (15-inch, Early 2011)"
DMMH,"MacBook Pro (15-inch, Early 2011)"
DMMJ,"MacBook Pro (15-inch, Early 2011)"
DMPG,"MacBook Pro (15-inch, Early 2011)"
DMPK,"MacBook Pro (15-inch, Early 2011)"
DMPL,"MacBook Pro (15-inch, Early 2011)"
DMPM,"MacBook Pro (15-inch, Early 2011)"
DMPN,"MacBook Pro (15-inch, Early 2011)"
DMPP,"MacBook Pro (15-inch, Early 2011)"
DMPQ,"MacBook Pro (15-inch, Early 2011)"
DMPR,"MacBook Pro (15-inch, Early 2011)"
DMQP,"MacBook Pro (15-inch, Early 2011)"
DMQT,"MacBook Pro (17-inch, Early 2011)"
DMQW,"MacBook Pro (17-inch, Early 2011)"
DMR2,"MacBook Pro (17-inch, Early 2011)"
DMR4,"MacBook Pro (17-inch, Early 2011)"
DMR5,"MacBook Pro (17-inch, Early 2011)"
DMR7,"MacBook Pro (17-inch, Early 2011)"
DMR8,"MacBook Pro (17-inch, Early 2011)"
DMR9,"MacBook Pro (17-inch, Early 2011)"
DMRC,"MacBook Pro (17-inch, Early 2011)"
DMW4,"MacBook Air (13-inch, Late 2010)"
DN00,"MacBook Air (11-inch, Late 2010)"
DNC3,"MacBook Pro (15-inch, Early 2011)"
DNCM,"MacBook Pro (13-inch, Early 2011)"
DNCN,"MacBook Pro (15-inch, Early 2011)"
DNGD,"MacBook Pro (13-inch, Early 2011)"
DNGF,"MacBook Pro (15-inch, Early 2011)"
DNGG,"MacBook Pro (17-inch, Early 2011)"
DNH5,"MacBook Pro (15-inch, Early 2011)"
DNHY,"MacBook Pro (15-inch, Early 2011)"
DNKM,"MacBook Pro (15-inch, Early 2011)"
DNKN,"MacBook Pro (17-inch, Early 2011)"
DNKP,"MacBook Pro (13-inch, Early 2011)"
DNKQ,"MacBook Pro (13-inch, Early 2011)"
DNKY,"MacBook Pro (15-inch, Early 2011)"
DNM4,"MacBook Pro (15-inch, Early 2011)"
DNMW,"MacBook Pro (15-inch, Early 2011)"
DNRD,"MacBook Pro (15-inch, Early 2011)"
DNTK,"MacBook Pro (13-inch, Early 2011)"
DNVK,"MacBook Pro (15-inch, Early 2011)"
DNVY,"MacBook Pro (13-inch, Early 2011)"
DQQ6,"MacBook Air (11-inch, Late 2010)"
DR53,"MacBook Pro (Retina, 13-inch, Late 2012)"
DR54,"MacBook Pro (Retina, 13-inch, Late 2012)"
DR55,"MacBook Pro (Retina, 13-inch, Late 2012)"
DR56,"MacBook Pro (Retina, 13-inch, Late 2012)"
DR7W,"MacBook Pro (13-inch, Early 2011)"
DRHF,"MacBook Air (11-inch, Mid 2011)"
DRJ7,"MacBook Pro (13-inch, Early 2011)"
DRJ9,"MacBook Pro (13-inch, Early 2011)"
DRJC,"MacBook Pro (15-inch, Early 2011)"
DRJD,"MacBook Pro (15-inch, Early 2011)"
DRJF,"MacBook Pro (15-inch, Early 2011)"
DRJG,"MacBook Pro (17-inch, Early 2011)"
DRJH,"MacBook Pro (17-inch, Early 2011)"
DRJJ,"MacBook Pro (13-inch, Early 2011)"
DRJK,"MacBook Pro (13-inch, Early 2011)"
DRJL,"MacBook Pro (15-inch, Early 2011)"
DRJM,"MacBook Pro (15-inch, Early 2011)"
DRJN,"MacBook Pro (17-inch, Early 2011)"
DRKG,"MacBook Air (13-inch, Mid 2011)"
DRKH,"MacBook Air (11-inch, Mid 2011)"
DRQ4,"MacBook Air (13-inch, Mid 2011)"
DRV6,"MacBook Air (11-inch, Mid 2012)"
DRV7,"MacBook Air (11-inch, Mid 2012)"
DRV8,"MacBook Air (11-inch, Mid 2012)"
DRV9,"MacBook Air (11-inch, Mid 2012)"
DRVC,"MacBook Air (13-inch, Mid 2012)"
DRVD,"MacBook Air (13-inch, Mid 2012)"
DRVF,"MacBook Air (13-inch, Mid 2012)"
DRVG,"MacBook Air (13-inch, Mid 2012)"
DRW1,"MacBook Pro (13-inch, Early 2011)"
DRW2,"MacBook Pro (13-inch, Early 2011)"
DRW3,"MacBook Pro (15-inch, Early 2011)"
DRW4,"MacBook Pro (15-inch, Early 2011)"
DRW5,"MacBook Pro (17-inch, Early 2011)"
DRW6,"MacBook Pro (17-inch, Early 2011)"
DRW7,"MacBook Pro (13-inch, Early 2011)"
DRWD,"MacBook Pro (15-inch, Early 2011)"
DT4G,"MacBook Pro (13-inch, Early 2011)"
DT4H,"MacBook Pro (13-inch, Early 2011)"
DT4J,"MacBook Pro (15-inch, Early 2011)"
DT54,"MacBook Pro (15-inch, Early 2011)"
DT55,"MacBook Pro (15-inch, Early 2011)"
DT56,"MacBook Pro (15-inch, Early 2011)"
DT57,"MacBook Pro (15-inch, Early 2011)"
DT58,"MacBook Pro (15-inch, Early 2011)"
DT59,"MacBook Pro (15-inch, Early 2011)"
DT5C,"MacBook Pro (15-inch, Early 2011)"
DT5D,"MacBook Pro (15-inch, Early 2011)"
DT5F,"MacBook Pro (15-inch, Early 2011)"
DT5G,"MacBook Pro (15-inch, Early 2011)"
DT5H,"MacBook Pro (15-inch, Early 2011)"
DT5J,"MacBook Pro (15-inch, Early 2011)"
DT5L,"MacBook Pro (15-inch, Early 2011)"
DT5M,"MacBook Pro (17-inch, Early 2011)"
DT5N,"MacBook Pro (17-inch, Early 2011)"
DT5P,"MacBook Pro (17-inch, Early 2011)"
DT5Q,"MacBook Pro (17-inch, Early 2011)"
DT5R,"MacBook Pro (17-inch, Early 2011)"
DT5T,"MacBook Pro (17-inch, Early 2011)"
DT5V,"MacBook Pro (17-inch, Early 2011)"
DT5W,"MacBook Pro (17-inch, Early 2011)"
DT5Y,"MacBook Pro (17-inch, Early 2011)"
DT60,"MacBook Pro (13-inch, Early 2011)"
DT61,"MacBook Pro (13-inch, Early 2011)"
DT62,"MacBook Pro (13-inch, Early 2011)"
DT63,"MacBook Pro (13-inch, Early 2011)"
DT64,"MacBook Pro (13-inch, Early 2011)"
DT65,"MacBook Pro (13-inch, Early 2011)"
DT66,"MacBook Pro (13-inch, Early 2011)"
DT67,"MacBook Pro (13-inch, Early 2011)"
DT68,"MacBook Pro (15-inch, Early 2011)"
DT69,"MacBook Pro (15-inch, Early 2011)"
DT6C,"MacBook Pro (15-inch, Early 2011)"
DT6D,"MacBook Pro (15-inch, Early 2011)"
DT6F,"MacBook Pro (15-inch, Early 2011)"
DT6G,"MacBook Pro (15-inch, Early 2011)"
DT6H,"MacBook Pro (15-inch, Early 2011)"
DT6J,"MacBook Pro (15-inch, Early 2011)"
DT6K,"MacBook Pro (15-inch, Early 2011)"
DT6L,"MacBook Pro (15-inch, Early 2011)"
DT6M,"MacBook Pro (15-inch, Early 2011)"
DT6N,"MacBook Pro (17-inch, Early 2011)"
DT6P,"MacBook Pro (17-inch, Early 2011)"
DT6R,"MacBook Pro (15-inch, Early 2011)"
DTJT,"MacBook Air (13-inch, Mid 2011)"
DTJV,"MacBook Air (13-inch, Mid 2011)"
DTJW,"MacBook Air (11-inch, Mid 2011)"
DTJY,"MacBook Air (11-inch, Mid 2011)"
DTK0,"MacBook Air (13-inch, Mid 2011)"
DTK1,"MacBook Air (11-inch, Mid 2011)"
DTK2,"MacBook Air (11-inch, Mid 2011)"
DTY3,"MacBook Pro (13-inch, Mid 2012)"
DTY4,"MacBook Pro (13-inch, Mid 2012)"
DV10,"MacBook Pro (17-inch, Late 2011)"
DV11,"MacBook Pro (17-inch, Late 2011)"
DV13,"MacBook Pro (13-inch, Late 2011)"
DV14,"MacBook Pro (13-inch, Late 2011)"
DV16,"MacBook Pro (13-inch, Late 2011)"
DV17,"MacBook Pro (13-inch, Late 2011)"
DV30,"MacBook Pro (13-inch, Mid 2012)"
DV31,"MacBook Pro (13-inch, Mid 2012)"
DV33,"MacBook Pro (15-inch, Mid 2012)"
DV35,"MacBook Pro (15-inch, Mid 2012)"
DV7L,"MacBook Pro (15-inch, Late 2011)"
DV7M,"MacBook Pro (15-inch, Late 2011)"
DV7N,"MacBook Pro (15-inch, Late 2011)"
DV7P,"MacBook Pro (15-inch, Late 2011)"
DV8H,"MacBook (13-inch, Mid 2010)"
DVHJ,"MacBook Pro (13-inch, Late 2011)"
DVHK,"MacBook Pro (13-inch, Late 2011)"
DVHL,"MacBook Pro (15-inch, Late 2011)"
DVHM,"MacBook Pro (15-inch, Late 2011)"
DVHN,"MacBook Pro (17-inch, Late 2011)"
DVHP,"MacBook Pro (13-inch, Late 2011)"
DVHQ,"MacBook Pro (13-inch, Late 2011)"
DVHR,"MacBook Pro (15-inch, Late 2011)"
DVHV,"MacBook Pro (17-inch, Late 2011)"
DVHW,"MacBook Pro (17-inch, Late 2011)"
DW13,"MacBook Pro (13-inch, Late 2011)"
DW1C,"MacBook Air (11-inch, Mid 2011)"
DW1N,"MacBook Air (13-inch, Mid 2011)"
DW3G,"MacBook Pro (15-inch, Late 2011)"
DW3H,"MacBook Pro (15-inch, Late 2011)"
DW3J,"MacBook Pro (15-inch, Late 2011)"
DW47,"MacBook Pro (15-inch, Late 2011)"
DW48,"MacBook Pro (17-inch, Late 2011)"
DW4H,"MacBook Air (13-inch, Mid 2011)"
DW4J,"MacBook Air (11-inch, Mid 2011)"
DWWM,"MacBook Air (11-inch, Mid 2011)"
DWWN,"MacBook Air (11-inch, Mid 2011)"
DY1J,"MacBook Pro (13-inch, Late 2011)"
DY1K,"MacBook Pro (13-inch, Late 2011)"
DY1L,"MacBook Pro (15-inch, Late 2011)"
DY1M,"MacBook Pro (15-inch, Late 2011)"
DY1N,"MacBook Pro (15-inch, Late 2011)"
DY1P,"MacBook Pro (15-inch, Late 2011)"
DY1Q,"MacBook Pro (15-inch, Late 2011)"
DY1R,"MacBook Pro (15-inch, Late 2011)"
DY1T,"MacBook Pro (15-inch, Late 2011)"
DY1V,"MacBook Pro (15-inch, Late 2011)"
DY1W,"MacBook Pro (15-inch, Late 2011)"
DY1Y,"MacBook Pro (15-inch, Late 2011)"
DY20,"MacBook Pro (15-inch, Late 2011)"
DY21,"MacBook Pro (15-inch, Late 2011)"
DY22,"MacBook Pro (17-inch, Late 2011)"
DY23,"MacBook Pro (17-inch, Late 2011)"
DY24,"MacBook Pro (17-inch, Late 2011)"
DY25,"MacBook Pro (17-inch, Late 2011)"
DY26,"MacBook Pro (17-inch, Late 2011)"
DY2M,"MacBook Air (11-inch, Mid 2011)"
DY5K,"MacBook Pro (15-inch, Late 2011)"
DY5P,"MacBook Pro (15-inch, Late 2011)"
DY5Q,"MacBook Pro (15-inch, Late 2011)"
DY5R,"MacBook Pro (15-inch, Late 2011)"
DY5T,"MacBook Pro (13-inch, Late 2011)"
DY5V,"MacBook Pro (13-inch, Late 2011)"
DY5W,"MacBook Pro (17-inch, Late 2011)"
DY5Y,"MacBook Pro (15-inch, Late 2011)"
DY60,"MacBook Pro (15-inch, Late 2011)"
DY6C,"MacBook Pro (13-inch, Late 2011)"
DY77,"MacBook Pro (13-inch, Late 2011)"
DY7G,"MacBook Pro (15-inch, Late 2011)"
DYG6,"MacBook Pro (15-inch, Late 2011)"
DYG7,"MacBook Pro (15-inch, Late 2011)"
DYG8,"MacBook Pro (17-inch, Late 2011)"
DYK9,"MacBook Pro (15-inch, Late 2011)"
DYKC,"MacBook Pro (15-inch, Late 2011)"
DYL0,"MacBook Pro (13-inch, Late 2011)"
DYL1,"MacBook Pro (13-inch, Late 2011)"
DYL2,"MacBook Pro (13-inch, Late 2011)"
DYR1,"MacBook Pro (15-inch, Late 2011)"
EAGV,"MacBook Pro (15-inch, Mid 2010)"
EATM,"MacBook Pro (13-inch, Mid 2010)"
F0K6,"MacBook Pro (15-inch, Late 2011)"
F0V2,"MacBook Pro (15-inch, Late 2011)"
F13Y,"MacBook Pro (17-inch, Late 2011)"
F140,"MacBook Pro (17-inch, Late 2011)"
F14R,"MacBook Air (13-inch, Mid 2011)"
F14V,"MacBook Air (13-inch, Mid 2011)"
F1G3,"MacBook Pro (15-inch, Mid 2012)"
F1G4,"MacBook Pro (15-inch, Mid 2012)"
F24T,"MacBook Pro (15-inch, Mid 2012)"
F298,"MacBook Pro (13-inch, Late 2011)"
F299,"MacBook Pro (13-inch, Late 2011)"
F2FV,"MacBook Air (13-inch, Mid 2012)"
F2J4,"MacBook Pro (15-inch, Mid 2012)"
F2J5,"MacBook Pro (15-inch, Mid 2012)"
F2JP,"MacBook Air (11-inch, Mid 2011)"
F2JQ,"MacBook Air (13-inch, Mid 2011)"
F38R,"MacBook Pro (15-inch, Mid 2012)"
F38T,"MacBook Pro (15-inch, Mid 2012)"
F447,"MacBook Pro (13-inch, Mid 2012)"
F4J2,"MacBook Pro (13-inch, Mid 2012)"
F4JL,"MacBook Pro (13-inch, Mid 2012)"
F51R,"MacBook Pro (Retina, Mid 2012)"
F569,"MacBook Air (11-inch, Mid 2012)"
F56C,"MacBook Air (11-inch, Mid 2012)"
F56D,"MacBook Air (13-inch, Mid 2012)"
F56F,"MacBook Air (13-inch, Mid 2012)"
F56G,"MacBook Air (11-inch, Mid 2012)"
F56H,"MacBook Air (13-inch, Mid 2012)"
F56J,"MacBook Air (13-inch, Mid 2012)"
F57H,"MacBook Air (11-inch, Mid 2012)"
F57J,"MacBook Air (13-inch, Mid 2012)"
F5MV,"MacBook Air (11-inch, Mid 2012)"
F5MW,"MacBook Air (13-inch, Mid 2012)"
F5N7,"MacBook Air (11-inch, Mid 2013)"
F5N8,"MacBook Air (11-inch, Mid 2013)"
F5V7,"MacBook Air (13-inch, Mid 2013)"
F5V8,"MacBook Air (13-inch, Mid 2013)"
F5WV,"MacBook Pro (13-inch, Mid 2012)"
F5WW,"MacBook Pro (13-inch, Mid 2012)"
F5Y1,"MacBook Pro (13-inch, Mid 2012)"
F5Y2,"MacBook Pro (Retina, Mid 2012)"
F5Y3,"MacBook Pro (13-inch, Mid 2012)"
F5Y4,"MacBook Pro (13-inch, Mid 2012)"
F5Y5,"MacBook Pro (15-inch, Mid 2012)"
F5Y6,"MacBook Pro (15-inch, Mid 2012)"
F5Y7,"MacBook Pro (15-inch, Mid 2012)"
F5Y8,"MacBook Pro (15-inch, Mid 2012)"
F5Y9,"MacBook Pro (15-inch, Mid 2012)"
F5YC,"MacBook Pro (15-inch, Mid 2012)"
F5YD,"MacBook Pro (15-inch, Mid 2012)"
F5YF,"MacBook Pro (15-inch, Mid 2012)"
F5YG,"MacBook Pro (15-inch, Mid 2012)"
F5YH,"MacBook Pro (15-inch, Mid 2012)"
F5YJ,"MacBook Pro (15-inch, Mid 2012)"
F5YK,"MacBook Pro (15-inch, Mid 2012)"
F5YL,"MacBook Pro (15-inch, Mid 2012)"
F5YM,"MacBook Pro (15-inch, Mid 2012)"
F5YN,"MacBook Pro (15-inch, Mid 2012)"
F5YP,"MacBook Pro (15-inch, Mid 2012)"
F5YV,"MacBook Air (13-inch, Early 2014)"
F5YW,"MacBook Air (11-inch, Mid 2013)"
F67D,"MacBook Air (11-inch, Mid 2012)"
F67F,"MacBook Air (11-inch, Mid 2012)"
F67G,"MacBook Air (13-inch, Mid 2012)"
F67H,"MacBook Air (13-inch, Mid 2012)"
F67J,"MacBook Air (13-inch, Mid 2012)"
F67K,"MacBook Air (11-inch, Mid 2012)"
F67L,"MacBook Air (11-inch, Mid 2012)"
F67M,"MacBook Air (11-inch, Mid 2012)"
F67P,"MacBook Air (13-inch, Mid 2012)"
F686,"MacBook Pro (15-inch, Mid 2012)"
F687,"MacBook Pro (15-inch, Mid 2012)"
F68C,"MacBook Pro (13-inch, Mid 2012)"
F68D,"MacBook Pro (13-inch, Mid 2012)"
F69W,"MacBook Pro (Retina, Mid 2012)"
F69Y,"MacBook Pro (Retina, Mid 2012)"
F6DN,"MacBook Pro (Retina, Mid 2012)"
F6F3,"MacBook Pro (Retina, Mid 2012)"
F6L9,"MacBook Pro (Retina, Mid 2012)"
F6LH,"MacBook Pro (13-inch, Mid 2012)"
F6LJ,"MacBook Pro (13-inch, Mid 2012)"
F6T5,"MacBook Air (13-inch, Mid 2013)"
F6T6,"MacBook Air (13-inch, Mid 2013)"
F6TN,"MacBook Air (13-inch, Mid 2012)"
F6VG,"MacBook Pro (13-inch, Mid 2012)"
F75Y,"MacBook Air (13-inch, Mid 2011)"
F760,"MacBook Air (13-inch, Mid 2012)"
F761,"MacBook Pro (15-inch, Mid 2012)"
F762,"MacBook Pro (15-inch, Mid 2012)"
F775,"MacBook Pro (Retina, 13-inch, Late 2012)"
F776,"MacBook Pro (Retina, 13-inch, Late 2012)"
F7C1,"MacBook Pro (13-inch, Mid 2012)"
F7F5,"MacBook Pro (15-inch, Mid 2012)"
F7F6,"MacBook Pro (15-inch, Mid 2012)"
F7YF,"MacBook Pro (Retina, 13-inch, Late 2012)"
F88G,"MacBook Air (11-inch, Mid 2012)"
F88K,"MacBook Air (11-inch, Mid 2012)"
F88V,"MacBook Air (11-inch, Mid 2012)"
F897,"MacBook Pro (Retina, 13-inch, Late 2012)"
F8D5,"MacBook Pro (13-inch, Mid 2012)"
F8G8,"MacBook Pro (15-inch, Mid 2012)"
F8G9,"MacBook Pro (15-inch, Mid 2012)"
F8JY,"MacBook Pro (Retina, Mid 2012)"
F8V6,"MacBook Pro (Retina, 13-inch, Late 2012)"
F8V7,"MacBook Pro (Retina, 13-inch, Late 2012)"
F8V8,"MacBook Pro (Retina, 13-inch, Late 2012)"
F90Y,"MacBook Air (13-inch, Mid 2012)"
F910,"MacBook Air (11-inch, Mid 2012)"
F96W,"MacBook Pro (Retina, Mid 2012)"
F973,"MacBook Pro (13-inch, Mid 2012)"
F97M,"MacBook Pro (15-inch, Mid 2012)"
F9F1,"MacBook Pro (Retina, Mid 2012)"
F9F2,"MacBook Pro (Retina, Mid 2012)"
F9JT,"MacBook Pro (Retina, 13-inch, Late 2012)"
F9K9,"MacBook Pro (15-inch, Mid 2012)"
F9Q0,"MacBook Pro (13-inch, Mid 2012)"
F9V1,"MacBook Pro (Retina, 13-inch, Late 2012)"
F9VQ,"MacBook Pro (Retina, 13-inch, Late 2012)"
FATM,"MacBook Pro (13-inch, Mid 2010)"
FATN,"MacBook Pro (13-inch, Mid 2010)"
FCMM,"MacBook Pro (13-inch, Mid 2012)"
FCQ3,"MacBook Pro (Retina, Mid 2012)"
FCQT,"MacBook Pro (15-inch, Mid 2012)"
FD56,"MacBook Pro (Retina, 15-inch, Late 2013)"
FD57,"MacBook Pro (Retina, 15-inch, Late 2013)"
FD58,"MacBook Pro (Retina, 15-inch, Late 2013)"
FD59,"MacBook Pro (Retina, 15-inch, Late 2013)"
FFRP,"MacBook Pro (Retina, 13-inch, Early 2013)"
FFRR,"MacBook Pro (Retina, 13-inch, Early 2013)"
FFT0,"MacBook Pro (Retina, 15-inch, Early 2013)"
FFT1,"MacBook Pro (Retina, 15-inch, Early 2013)"
FFT2,"MacBook Pro (Retina, 15-inch, Early 2013)"
FFT3,"MacBook Pro (Retina, 15-inch, Early 2013)"
FFT4,"MacBook Pro (Retina, 15-inch, Early 2013)"
FFVW,"MacBook (Retina, 12-inch, Early 2015)"
FFVY,"MacBook (Retina, 12-inch, Early 2015)"
FG1F,"MacBook Pro (Retina, 13-inch, Early 2013)"
FG1H,"MacBook Pro (Retina, 15-inch, Early 2013)"
FG1J,"MacBook Pro (Retina, 15-inch, Early 2013)"
FG28,"MacBook Pro (Retina, 13-inch, Early 2013)"
FG46,"MacBook (Retina, 12-inch, Early 2015)"
FG7Q,"MacBook Pro (Retina, 13-inch, Late 2012)"
FG7R,"MacBook Pro (Retina, 13-inch, Late 2012)"
FGC4,"MacBook (Retina, 12-inch, Early 2015)"
FGFH,"MacBook Pro (Retina, 15-inch, Early 2013)"
FGFJ,"MacBook Pro (Retina, 15-inch, Early 2013)"
FGFK,"MacBook Pro (Retina, 15-inch, Early 2013)"
FGFL,"MacBook Pro (Retina, 15-inch, Early 2013)"
FGM8,"MacBook Pro (Retina, 13-inch, Early 2013)"
FGMR,"MacBook (Retina, 12-inch, Early 2015)"
FGMT,"MacBook (Retina, 12-inch, Early 2015)"
FGN5,"MacBook Pro (Retina, 13-inch, Early 2013)"
FGN6,"MacBook Pro (Retina, 13-inch, Early 2013)"
FGN7,"MacBook Pro (Retina, 15-inch, Early 2013)"
FGPJ,"MacBook Pro (Retina, 13-inch, Early 2013)"
FGWF,"MacBook Pro (Retina, 15-inch, Early 2013)"
FGWG,"MacBook Pro (Retina, 15-inch, Early 2013)"
FGWH,"MacBook Pro (Retina, 15-inch, Early 2013)"
FGYY,"MacBook Pro (Retina, 13-inch, Late 2013)"
FH00,"MacBook Pro (Retina, 13-inch, Late 2013)"
FH01,"MacBook Pro (Retina, 13-inch, Late 2013)"
FH02,"MacBook Pro (Retina, 13-inch, Late 2013)"
FH03,"MacBook Pro (Retina, 13-inch, Late 2013)"
FH04,"MacBook Pro (Retina, 13-inch, Late 2013)"
FH05,"MacBook Pro (Retina, 13-inch, Late 2013)"
FH51,"MacBook Air (11-inch, Mid 2013)"
FH52,"MacBook Air (11-inch, Mid 2013)"
FH53,"MacBook Air (13-inch, Mid 2013)"
FHCH,"MacBook Pro (Retina, 13-inch, Early 2013)"
FHCQ,"MacBook Pro (Retina, 15-inch, Early 2013)"
FHCR,"MacBook Pro (Retina, 15-inch, Early 2013)"
FHN0,"MacBook Pro (Retina, 13-inch, Early 2013)"
FHP7,"MacBook Pro (15-inch, Mid 2012)"
FJ47,"MacBook Pro (Retina, 15-inch, Early 2013)"
FJVJ,"MacBook Pro (Retina, 15-inch, Early 2013)"
FKYN,"MacBook Air (11-inch, Mid 2013)"
FKYP,"MacBook Air (11-inch, Mid 2013)"
FKYQ,"MacBook Air (13-inch, Mid 2013)"
FKYR,"MacBook Air (13-inch, Mid 2013)"
FL85,"MacBook Pro (Retina, 13-inch, Late 2012)"
FL8N,"MacBook (Retina, 12-inch, Early 2015)"
FL94,"MacBook Pro (Retina, 15-inch, Early 2013)"
FL98,"MacBook Pro (15-inch, Mid 2012)"
FLCF,MacBook Air
FLCG,MacBook Air
FLNH,"MacBook Pro (15-inch, Mid 2012)"
FLNJ,"MacBook Pro (15-inch, Mid 2012)"
FLNK,"MacBook Pro (15-inch, Mid 2012)"
FM23,"MacBook Air (13-inch, Mid 2013)"
FM3Y,"MacBook Air (13-inch, Mid 2013)"
FM72,"MacBook Air (11-inch, Early 2014)"
FM74,"MacBook Air (13-inch, Mid 2013)"
FM89,"MacBook Pro (15-inch, Mid 2012)"
FM8L,"MacBook (Retina, 12-inch, Early 2015)"
FM8M,"MacBook (Retina, 12-inch, Early 2015)"
FM8N,"MacBook (Retina, 12-inch, Early 2015)"
FMLG,"MacBook (Retina, 12-inch, Early 2015)"
FMLJ,"MacBook Pro (Retina, 13-inch, Late 2012)"
FMLK,"MacBook Pro (Retina, 15-inch, Early 2013)"
FMR5,"MacBook Air (11-inch, Mid 2013)"
FMR6,"MacBook Air (11-inch, Mid 2013)"
FMR7,"MacBook Air (13-inch, Mid 2013)"
FMR8,"MacBook Air (13-inch, Mid 2013)"
FMR9,"MacBook Air (11-inch, Mid 2013)"
FMRC,"MacBook Air (11-inch, Mid 2013)"
FMRD,"MacBook Air (11-inch, Mid 2013)"
FMRF,"MacBook Air (11-inch, Mid 2013)"
FMRG,"MacBook Air (11-inch, Mid 2013)"
FMRH,"MacBook Air (13-inch, Mid 2013)"
FMRJ,"MacBook Air (13-inch, Mid 2013)"
FMRK,"MacBook Air (13-inch, Mid 2013)"
FMRL,"MacBook Air (13-inch, Mid 2013)"
FMRM,"MacBook Air (11-inch, Mid 2013)"
FMRN,"MacBook Air (11-inch, Mid 2013)"
FMRV,"MacBook Air (13-inch, Mid 2013)"
FMRW,"MacBook Air (13-inch, Mid 2013)"
FMRY,"MacBook Air (13-inch, Mid 2013)"
FN3Y,"MacBook Air (13-inch, Mid 2013)"
FN40,"MacBook Air (13-inch, Mid 2013)"
FN5M,"MacBook Air (11-inch, Mid 2013)"
FN7F,"MacBook Air (11-inch, Mid 2013)"
FN7G,"MacBook Air (13-inch, Mid 2013)"
FP12,"MacBook (Retina, 12-inch, Early 2015)"
FP2N,"MacBook Air (11-inch, Mid 2013)"
FP2P,"MacBook Air (13-inch, Mid 2013)"
FP3C,"MacBook Air (11-inch, Mid 2013)"
FQL9,"MacBook Air (13-inch, Mid 2013)"
FQLC,"MacBook Air (13-inch, Mid 2013)"
FQLD,"MacBook Air (13-inch, Mid 2013)"
FQLF,"MacBook Air (13-inch, Mid 2013)"
FQLG,"MacBook Air (11-inch, Mid 2013)"
FR1M,"MacBook Pro (Retina, 15-inch, Late 2013)"
FR8D,"MacBook Pro (Retina, 15-inch, Early 2013)"
FRDM,"MacBook Pro (Retina, 15-inch, Late 2013)"
FRF6,"MacBook Pro (Retina, 13-inch, Late 2013)"
FRF7,"MacBook Pro (Retina, 13-inch, Late 2013)"
FRG2,"MacBook Pro (Retina, 15-inch, Late 2013)"
FRG3,"MacBook Pro (Retina, 15-inch, Late 2013)"
FRQF,"MacBook Pro (Retina, 13-inch, Late 2013)"
FRQH,"MacBook Pro (Retina, 15-inch, Late 2013)"
FRQJ,"MacBook Pro (Retina, 15-inch, Late 2013)"
FRQK,"MacBook Pro (Retina, 15-inch, Late 2013)"
FRQL,"MacBook Pro (Retina, 15-inch, Late 2013)"
FT14,"MacBook Pro (15-inch, Mid 2012)"
FT30,"MacBook Air (11-inch, Mid 2013)"
FT4P,"MacBook Pro (Retina, 15-inch, Late 2013)"
FT4Q,"MacBook Pro (Retina, 13-inch, Late 2013)"
FT4R,"MacBook Pro (Retina, 13-inch, Late 2013)"
FT4T,"MacBook Pro (Retina, 13-inch, Late 2013)"
FT4V,"MacBook Pro (Retina, 13-inch, Late 2013)"
FTC9,"MacBook Pro (Retina, 13-inch, Late 2013)"
FTCD,"MacBook Pro (Retina, 13-inch, Late 2013)"
FTCH,"MacBook Pro (Retina, 13-inch, Late 2013)"
FTCK,"MacBook Pro (Retina, 13-inch, Late 2013)"
FTCL,"MacBook Pro (Retina, 13-inch, Late 2013)"
FTK0,"MacBook Pro (Retina, 15-inch, Late 2013)"
FTK1,"MacBook Pro (Retina, 15-inch, Late 2013)"
FTPH,"MacBook Pro (Retina, 13-inch, Late 2013)"
FTPJ,"MacBook Pro (Retina, 13-inch, Late 2013)"
FTPK,"MacBook Pro (Retina, 13-inch, Late 2013)"
FTPL,"MacBook Pro (Retina, 15-inch, Late 2013)"
FTPM,"MacBook Pro (Retina, 15-inch, Late 2013)"
FTPN,"MacBook Pro (Retina, 15-inch, Late 2013)"
FTPP,"MacBook Pro (Retina, 15-inch, Late 2013)"
FTPQ,"MacBook Pro (Retina, 15-inch, Late 2013)"
FTPR,"MacBook Pro (Retina, 15-inch, Late 2013)"
FTPT,"MacBook Pro (Retina, 15-inch, Late 2013)"
FTPV,"MacBook Pro (Retina, 15-inch, Late 2013)"
FTPW,"MacBook Pro (Retina, 15-inch, Late 2013)"
FTPY,"MacBook Pro (Retina, 15-inch, Late 2013)"
FTT4,"MacBook Pro (Retina, 13-inch, Late 2013)"
FTTJ,"MacBook Pro (Retina, 15-inch, Late 2013)"
FVH3,"MacBook Pro (Retina, 13-inch, Early 2015)"
FVH4,"MacBook Pro (Retina, 13-inch, Early 2015)"
FVH5,"MacBook Pro (Retina, 13-inch, Early 2015)"
FVH6,"MacBook Pro (Retina, 13-inch, Early 2015)"
FVH7,"MacBook Pro (Retina, 13-inch, Early 2015)"
FVH8,"MacBook Pro (Retina, 13-inch, Early 2015)"
FVH9,"MacBook Pro (Retina, 13-inch, Early 2015)"
FVN4,"MacBook Pro (Retina, 15-inch, Late 2013)"
FVVW,"MacBook Pro (Retina, 13-inch, Late 2013)"
FVWQ,"MacBook Pro (Retina, 13-inch, Late 2013)"
FVYN,"MacBook Pro (Retina, 15-inch, Late 2013)"
FWFY,"MacBook Pro (Retina, 15-inch, Late 2013)"
FWHW,"MacBook Pro (Retina, 15-inch, Late 2013)"
FWKF,"MacBook Pro (Retina, 13-inch, Late 2013)"
FWKK,"MacBook Pro (Retina, 15-inch, Late 2013)"
FWKL,"MacBook Pro (Retina, 15-inch, Late 2013)"
FWL4,"MacBook Pro (13-inch, Mid 2012)"
FWW3,"MacBook (Retina, 12-inch, Early 2015)"
FWW4,"MacBook (Retina, 12-inch, Early 2015)"
FWW5,"MacBook (Retina, 12-inch, Early 2015)"
FWW6,"MacBook (Retina, 12-inch, Early 2015)"
FYG9,"MacBook Pro (13-inch, Mid 2012)"
FYGC,"MacBook Pro (13-inch, Mid 2012)"
FYGD,"MacBook Pro (13-inch, Mid 2012)"
FYGF,"MacBook Pro (13-inch, Mid 2012)"
G05T,"MacBook Pro (13-inch, Mid 2012)"
G083,"MacBook Air (11-inch, Early 2014)"
G084,"MacBook Air (11-inch, Early 2014)"
G085,"MacBook Air (13-inch, Early 2014)"
G086,"MacBook Air (13-inch, Early 2014)"
G2CC,"MacBook Air (13-inch, Early 2014)"
G2CD,"MacBook Air (13-inch, Early 2014)"
G2CF,"MacBook Air (11-inch, Early 2014)"
G2GH,"MacBook Air (11-inch, Early 2014)"
G2GJ,"MacBook Air (11-inch, Early 2014)"
G2GK,"MacBook Air (13-inch, Early 2014)"
G2GL,"MacBook Air (13-inch, Early 2014)"
G2GM,"MacBook Air (13-inch, Early 2014)"
G2GN,"MacBook Air (13-inch, Early 2014)"
G2PY,"MacBook Air (11-inch, Early 2014)"
G2Q0,"MacBook Air (11-inch, Early 2014)"
G354,"MacBook Pro (13-inch, Mid 2012)"
G356,"MacBook Air (13-inch, Early 2014)"
G3FY,"MacBook Pro (13-inch, Mid 2012)"
G3QC,"MacBook Pro (Retina, 15-inch, Mid 2014)"
G3QD,"MacBook Pro (Retina, 15-inch, Mid 2014)"
G3QG,"MacBook Pro (Retina, 15-inch, Mid 2014)"
G3QH,"MacBook Pro (Retina, 13-inch, Mid 2014)"
G3QJ,"MacBook Pro (Retina, 13-inch, Mid 2014)"
G3QK,"MacBook Pro (Retina, 13-inch, Mid 2014)"
G3QL,"MacBook Pro (Retina, 13-inch, Mid 2014)"
G3QN,"MacBook Pro (Retina, 15-inch, Mid 2014)"
G3QP,"MacBook Pro (Retina, 15-inch, Mid 2014)"
G3QQ,"MacBook Pro (Retina, 13-inch, Mid 2014)"
G3QR,"MacBook Pro (Retina, 13-inch, Mid 2014)"
G3QT,"MacBook Pro (Retina, 13-inch, Mid 2014)"
G4FY,"MacBook Air (11-inch, Early 2014)"
G4H0,"MacBook Air (11-inch, Early 2014)"
G4H1,"MacBook Air (13-inch, Early 2014)"
G4H2,"MacBook Air (13-inch, Early 2014)"
G4H3,"MacBook Air (13-inch, Early 2014)"
G4H4,"MacBook Air (11-inch, Early 2014)"
G4HK,"MacBook Air (11-inch, Early 2014)"
G4HM,"MacBook Air (11-inch, Early 2014)"
G4HN,"MacBook Air (13-inch, Early 2014)"
G4HP,"MacBook Air (13-inch, Early 2014)"
G4JQ,"MacBook Pro (Retina, 15-inch, Late 2013)"
G4N6,"MacBook Pro (Retina, 13-inch, Late 2013)"
G4N7,"MacBook Pro (Retina, 13-inch, Late 2013)"
G584,"MacBook Pro (13-inch, Mid 2012)"
G58J,"MacBook Air (11-inch, Early 2014)"
G58K,"MacBook Air (13-inch, Early 2014)"
G5HL,"MacBook Pro (Retina, 15-inch, Late 2013)"
G5RK,"MacBook Air (11-inch, Early 2014)"
G5RL,"MacBook Air (11-inch, Early 2014)"
G5RM,"MacBook Air (11-inch, Early 2014)"
G5RN,"MacBook Air (13-inch, Early 2014)"
G5RP,"MacBook Air (13-inch, Early 2014)"
G5RQ,"MacBook Air (13-inch, Early 2014)"
G6D3,"MacBook Air (11-inch, Early 2014)"
G6D4,"MacBook Air (13-inch, Early 2014)"
G6D5,"MacBook Air (13-inch, Early 2014)"
G6PM,"MacBook Air (13-inch, Mid 2013)"
G7RD,"MacBook Pro (Retina, 13-inch, Mid 2014)"
G7RF,"MacBook Pro (Retina, 13-inch, Mid 2014)"
G7YQ,"MacBook Pro (Retina, 13-inch, Mid 2014)"
G7YR,"MacBook Pro (Retina, 13-inch, Mid 2014)"
G829,"MacBook Air (13-inch, Early 2014)"
G85Y,"MacBook Pro (Retina, 15-inch, Mid 2014)"
G86P,"MacBook Pro (Retina, 15-inch, Mid 2014)"
G86Q,"MacBook Pro (Retina, 15-inch, Mid 2014)"
G86R,"MacBook Pro (Retina, 15-inch, Mid 2014)"
G8F4,"MacBook Pro (Retina, 15-inch, Mid 2014)"
G8J1,"MacBook Air (13-inch, Early 2014)"
G8J7,"MacBook Pro (Retina, 15-inch, Mid 2014)"
G8L0,"MacBook Pro (Retina, 13-inch, Mid 2014)"
G8L1,"MacBook Pro (Retina, 15-inch, Mid 2014)"
G8WL,"MacBook Pro (Retina, 15-inch, Mid 2015)"
G8WM,"MacBook Pro (Retina, 15-inch, Mid 2015)"
G8WN,"MacBook Pro (Retina, 15-inch, Mid 2015)"
G8WP,"MacBook Pro (Retina, 15-inch, Mid 2015)"
G8WQ,"MacBook Pro (Retina, 15-inch, Mid 2015)"
G940,"MacBook Air (13-inch, Early 2015)"
G941,"MacBook Air (13-inch, Early 2015)"
G942,"MacBook Air (13-inch, Early 2015)"
G943,"MacBook Air (13-inch, Early 2015)"
G944,"MacBook Air (13-inch, Early 2015)"
G96K,"MacBook Pro (Retina, 15-inch, Mid 2014)"
G96L,"MacBook Pro (Retina, 15-inch, Mid 2014)"
G96M,"MacBook Pro (Retina, 15-inch, Mid 2014)"
G96N,"MacBook Pro (Retina, 15-inch, Mid 2014)"
G96P,"MacBook Pro (Retina, 15-inch, Mid 2014)"
G96Q,"MacBook Pro (Retina, 15-inch, Mid 2014)"
G96R,"MacBook Pro (Retina, 13-inch, Mid 2014)"
G96T,"MacBook Pro (Retina, 13-inch, Mid 2014)"
G96V,"MacBook Pro (Retina, 13-inch, Mid 2014)"
G96W,"MacBook Pro (Retina, 13-inch, Mid 2014)"
G96Y,"MacBook Pro (Retina, 13-inch, Mid 2014)"
G970,"MacBook Pro (Retina, 13-inch, Mid 2014)"
G971,"MacBook Pro (Retina, 13-inch, Mid 2014)"
G972,"MacBook Pro (Retina, 13-inch, Mid 2014)"
G973,"MacBook Pro (Retina, 15-inch, Mid 2014)"
G974,"MacBook Pro (Retina, 15-inch, Mid 2014)"
G9FL,"MacBook Pro (Retina, 13-inch, Mid 2014)"
G9FM,"MacBook Pro (Retina, 13-inch, Mid 2014)"
G9FN,"MacBook Pro (Retina, 13-inch, Mid 2014)"
G9FP,"MacBook Pro (Retina, 13-inch, Mid 2014)"
G9FQ,"MacBook Pro (Retina, 13-inch, Mid 2014)"
G9FR,"MacBook Pro (Retina, 13-inch, Mid 2014)"
G9FT,"MacBook Pro (Retina, 15-inch, Mid 2014)"
G9JN,"MacBook Pro (Retina, 15-inch, Mid 2014)"
G9L6,"MacBook Pro (Retina, 15-inch, Mid 2014)"
G9L7,"MacBook Pro (Retina, 15-inch, Mid 2014)"
G9L8,"MacBook Pro (Retina, 15-inch, Mid 2014)"
G9L9,"MacBook Pro (Retina, 15-inch, Mid 2014)"
GATM,"MacBook Pro (13-inch, Mid 2010)"
GATN,"MacBook Pro (13-inch, Mid 2010)"
GATP,"MacBook Pro (13-inch, Mid 2010)"
GCN1,"MacBook (Retina, 12-inch, Early 2015)"
GCN2,"MacBook (Retina, 12-inch, Early 2015)"
GCN3,"MacBook (Retina, 12-inch, Early 2015)"
GCN4,"MacBook (Retina, 12-inch, Early 2015)"
GDJL,"MacBook Pro (13-inch, Mid 2012)"
GDJM,"MacBook Pro (Retina, 13-inch, Mid 2014)"
GDL2,"MacBook Pro (13-inch, Mid 2012)"
GDPP,"MacBook Pro (Retina, 15-inch, Mid 2014)"
GF65,"MacBook Pro (13-inch, Mid 2012)"
GF82,"MacBook (Retina, 12-inch, Early 2015)"
GF83,"MacBook (Retina, 12-inch, Early 2015)"
GF84,"MacBook (Retina, 12-inch, Early 2015)"
GF85,"MacBook (Retina, 12-inch, Early 2015)"
GFWK,"MacBook Air (11-inch, Early 2015)"
GFWL,"MacBook Air (11-inch, Early 2015)"
GFWM,"MacBook Air (11-inch, Early 2015)"
GFWN,"MacBook Air (11-inch, Early 2015)"
GFWP,"MacBook Air (11-inch, Early 2015)"
GKJG,"MacBook Pro (Retina, 13-inch, Early 2015)"
GKJM,"MacBook Pro (Retina, 13-inch, Early 2015)"
GKJN,"MacBook Pro (Retina, 13-inch, Early 2015)"
GKJQ,"MacBook (Retina, 12-inch, Early 2015)"
GKJR,"MacBook (Retina, 12-inch, Early 2015)"
GKJT,"MacBook Air (13-inch, Early 2015)"
GKJV,"MacBook Air (13-inch, Early 2015)"
GKJY,"MacBook Air (11-inch, Early 2015)"
GKK0,"MacBook Air (11-inch, Early 2015)"
GKK2,"MacBook (Retina, 12-inch, Early 2015)"
GKK3,"MacBook (Retina, 12-inch, Early 2015)"
GKK4,"MacBook (Retina, 12-inch, Early 2015)"
GKK5,"MacBook (Retina, 12-inch, Early 2015)"
GL20,"MacBook Air (13-inch, Early 2015)"
GL21,"MacBook Air (13-inch, Early 2015)"
GL22,"MacBook Air (13-inch, Early 2015)"
GL23,"MacBook Air (13-inch, Early 2015)"
GL24,"MacBook Air (13-inch, Early 2015)"
GL25,"MacBook Air (13-inch, Early 2015)"
GL26,"MacBook Air (11-inch, Early 2015)"
GL27,"MacBook Air (11-inch, Early 2015)"
GL28,"MacBook Air (11-inch, Early 2015)"
GL29,"MacBook Air (11-inch, Early 2015)"
GL2C,"MacBook Air (11-inch, Early 2015)"
GL2D,"MacBook Air (11-inch, Early 2015)"
GL2F,"MacBook Air (11-inch, Early 2015)"
GL2H,"MacBook Air (11-inch, Early 2015)"
GL34,"MacBook Pro (Retina, 13-inch, Early 2015)"
GL35,"MacBook Pro (Retina, 13-inch, Early 2015)"
GL36,"MacBook Pro (Retina, 13-inch, Early 2015)"
GL37,"MacBook Pro (Retina, 13-inch, Early 2015)"
GL69,"MacBook (Retina, 12-inch, Early 2015)"
GL6C,"MacBook (Retina, 12-inch, Early 2015)"
GL6D,"MacBook (Retina, 12-inch, Early 2015)"
GL6F,"MacBook (Retina, 12-inch, Early 2015)"
GL6G,"MacBook (Retina, 12-inch, Early 2015)"
GL6H,"MacBook (Retina, 12-inch, Early 2015)"
GLCN,"MacBook Air (13-inch, Early 2015)"
GLCP,"MacBook Air (13-inch, Early 2015)"
GLCQ,"MacBook Air (11-inch, Early 2015)"
GLK7,"MacBook Air (13-inch, Early 2014)"
GLK8,"MacBook Air (13-inch, Early 2014)"
GLK9,"MacBook Air (11-inch, Early 2014)"
GM0V,"MacBook Pro (Retina, 13-inch, Early 2015)"
GM0W,"MacBook Pro (Retina, 13-inch, Early 2015)"
GM0Y,"MacBook Pro (Retina, 13-inch, Early 2015)"
GM10,"MacBook Pro (Retina, 13-inch, Early 2015)"
GM11,"MacBook Pro (Retina, 13-inch, Early 2015)"
GM12,"MacBook Pro (Retina, 13-inch, Early 2015)"
GM13,"MacBook Pro (Retina, 13-inch, Early 2015)"
GM14,"MacBook Air (13-inch, Early 2015)"
GM15,"MacBook Air (13-inch, Early 2015)"
GM38,"MacBook Air (13-inch, Early 2015)"
GM6M,"MacBook Air (13-inch, Early 2015)"
GM9G,"MacBook Air (13-inch, Early 2015)"
GMC3,"MacBook Air (13-inch, Early 2015)"
GMC5,"MacBook Air (11-inch, Early 2015)"
GMC6,"MacBook Air (11-inch, Early 2015)"
GMC7,"MacBook Air (11-inch, Early 2015)"
GMC8,"MacBook Air (11-inch, Early 2015)"
GMC9,"MacBook Air (11-inch, Early 2015)"
GMD3,"MacBook Air (13-inch, Early 2015)"
GMDF,"MacBook Pro (Retina, 13-inch, Early 2015)"
GN24,"MacBook Pro (Retina, 13-inch, Early 2015)"
GN8C,"MacBook Air (13-inch, Early 2015)"
GNJG,"MacBook Air (11-inch, Early 2015)"
GNJJ,"MacBook Air (13-inch, Early 2015)"
GNJK,"MacBook Air (11-inch, Early 2015)"
GNJL,"MacBook Air (11-inch, Early 2015)"
GNKM,"MacBook Air (13-inch, Early 2015)"
GP4H,"MacBook Pro (Retina, 15-inch, Mid 2015)"
GP4J,"MacBook Pro (Retina, 15-inch, Mid 2015)"
GP4L,"MacBook Air (13-inch, Early 2014)"
GP4M,"MacBook Air (13-inch, Early 2014)"
GP4N,"MacBook Air (11-inch, Early 2014)"
GP4P,"MacBook Air (11-inch, Early 2014)"
GPLM,"MacBook Pro (Retina, 15-inch, Mid 2015)"
GPLN,"MacBook Pro (Retina, 15-inch, Mid 2015)"
GPLP,"MacBook Pro (Retina, 15-inch, Mid 2015)"
GQ62,"MacBook Pro (Retina, 15-inch, Mid 2015)"
GQ63,"MacBook Pro (Retina, 15-inch, Mid 2015)"
GQ64,"MacBook Pro (Retina, 15-inch, Mid 2015)"
GQCL,"MacBook Pro (Retina, 15-inch, Mid 2015)"
GQCM,"MacBook Pro (Retina, 15-inch, Mid 2015)"
GQCP,"MacBook Pro (Retina, 15-inch, Mid 2015)"
GQCQ,"MacBook Pro (Retina, 15-inch, Mid 2015)"
GQCR,"MacBook Pro (Retina, 15-inch, Mid 2015)"
GQCT,"MacBook Pro (Retina, 15-inch, Mid 2015)"
GQR4,"MacBook Pro (Retina, 13-inch, Early 2015)"
GQR5,"MacBook Pro (Retina, 13-inch, Early 2015)"
GQR6,"MacBook Pro (Retina, 13-inch, Early 2015)"
GR88,"MacBook (Retina, 12-inch, Early 2015)"
GR89,"MacBook (Retina, 12-inch, Early 2015)"
GR8C,"MacBook (Retina, 12-inch, Early 2015)"
GR8D,"MacBook (Retina, 12-inch, Early 2015)"
GR8F,"MacBook (Retina, 12-inch, Early 2015)"
GR8G,"MacBook (Retina, 12-inch, Early 2015)"
GTDX,"MacBook Pro (13-inch, 2016, Four Thunderbolt 3 Ports)"
GTDY,"MacBook Pro (15-inch, 2016)"
GTF1,"MacBook Pro (15-inch, 2016)"
GTFJ,"MacBook Pro (13-inch, 2016, Four Thunderbolt 3 Ports)"
GTFK,"MacBook Pro (13-inch, 2016, Four Thunderbolt 3 Ports)"
GTFL,"MacBook Pro (15-inch, 2016)"
GTFM,"MacBook Pro (15-inch, 2016)"
GTFN,"MacBook Pro (15-inch, 2016)"
GTGW,"MacBook (Retina, 12-inch, Early 2016)"
GTHR,"MacBook (Retina, 12-inch, Early 2016)"
GTHT,"MacBook (Retina, 12-inch, Early 2016)"
GTHV,"MacBook (Retina, 12-inch, Early 2016)"
GTHW,"MacBook (Retina, 12-inch, Early 2016)"
GTHX,"MacBook (Retina, 12-inch, Early 2016)"
GTHY,"MacBook (Retina, 12-inch, Early 2016)"
GTJ0,"MacBook (Retina, 12-inch, Early 2016)"
GTJ1,"MacBook (Retina, 12-inch, Early 2016)"
GTJ2,"MacBook (Retina, 12-inch, Early 2016)"
GTJ3,"MacBook (Retina, 12-inch, Early 2016)"
GTJ4,"MacBook (Retina, 12-inch, Early 2016)"
GTJ6,"MacBook (Retina, 12-inch, Early 2016)"
GTJ7,"MacBook (Retina, 12-inch, Early 2016)"
GTJ8,"MacBook (Retina, 12-inch, Early 2016)"
GTJ9,"MacBook (Retina, 12-inch, Early 2016)"
GTJC,"MacBook (Retina, 12-inch, Early 2016)"
GTJD,"MacBook (Retina, 12-inch, Early 2016)"
GVC1,"MacBook Pro (13-inch, 2016, Two Thunderbolt 3 ports)"
GVC8,"MacBook Pro (13-inch, 2016, Two Thunderbolt 3 ports)"
GWDN,"MacBook Pro (Retina, 15-inch, Mid 2015)"
GWDP,"MacBook Pro (Retina, 15-inch, Mid 2015)"
GY25,"MacBook Pro (13-inch, 2016, Two Thunderbolt 3 ports)"
GY6N,"MacBook Pro (13-inch, 2016, Two Thunderbolt 3 ports)"
GYFH,"MacBook Pro (13-inch, 2016, Four Thunderbolt 3 Ports)"
GYGR,"MacBook Pro (13-inch, 2016, Four Thunderbolt 3 Ports)"
H03M,"MacBook Pro (15-inch, 2016)"
H03Q,"MacBook Pro (15-inch, 2016)"
H03T,"MacBook Pro (15-inch, 2016)"
H03Y,"MacBook Pro (15-inch, 2016)"
H040,"MacBook Pro (15-inch, 2016)"
H1DK,"MacBook Pro (13-inch, Mid 2012)"
H1DN,"MacBook Pro (13-inch, Mid 2012)"
H1DP,"MacBook Pro (Retina, 13-inch, Early 2015)"
H1DQ,"MacBook Pro (Retina, 13-inch, Early 2015)"
H1WK,"MacBook Pro (Retina, 13-inch, Early 2015)"
H3QD,"MacBook Air (13-inch, Early 2015)"
H3QF,"MacBook Air (13-inch, Early 2015)"
H3QJ,"MacBook Air (13-inch, Early 2015)"
H3QK,"MacBook Air (13-inch, Early 2015)"
H3QW,"MacBook (Retina, 12-inch, Early 2016)"
H3QX,"MacBook (Retina, 12-inch, Early 2016)"
H3QY,"MacBook (Retina, 12-inch, Early 2016)"
H3R5,"MacBook (Retina, 12-inch, Early 2016)"
H3R6,"MacBook (Retina, 12-inch, Early 2016)"
H3R7,"MacBook (Retina, 12-inch, Early 2016)"
H569,"MacBook Air (13-inch, Early 2015)"
H8VT,"MacBook Air (13-inch, Early 2015)"
H8VV,"MacBook Air (13-inch, Early 2015)"
H8VW,"MacBook Air (13-inch, Early 2015)"
H8VX,"MacBook Air (13-inch, Early 2015)"
HAGZ,"MacBook Pro (15-inch, Mid 2010)"
HD7X,"MacBook Air (13-inch, Early 2015)"
HD80,"MacBook Air (13-inch, Early 2015)"
HD8M,"MacBook (Retina, 12-inch, Early 2016)"
HD98,"MacBook Air (13-inch, Early 2015)"
HDNK,"MacBook (Retina, 12-inch, Early 2016)"
HDV4,"MacBook Air (13-inch, Early 2015)"
HDV5,"MacBook Air (13-inch, Early 2015)"
HDV6,"MacBook Air (13-inch, Early 2015)"
HF1P,"MacBook Pro (13-inch, 2016, Four Thunderbolt 3 Ports)"
HF1Q,"MacBook Pro (13-inch, 2016, Four Thunderbolt 3 Ports)"
HF1R,"MacBook Pro (13-inch, 2016, Four Thunderbolt 3 Ports)"
HF1T,"MacBook Pro (13-inch, 2016, Four Thunderbolt 3 Ports)"
HF4F,"MacBook Air (13-inch, Early 2015)"
HF4H,"MacBook Air (13-inch, Early 2015)"
HF9N,"MacBook Air (13-inch, Early 2015)"
HFG7,"MacBook Pro (Retina, 15-inch, Mid 2015)"
HH21,"MacBook (Retina, 12-inch, 2017)"
HH22,"MacBook (Retina, 12-inch, 2017)"
HH23,"MacBook (Retina, 12-inch, 2017)"
HH24,"MacBook (Retina, 12-inch, 2017)"
HH25,"MacBook (Retina, 12-inch, 2017)"
HH26,"MacBook (Retina, 12-inch, 2017)"
HH27,"MacBook (Retina, 12-inch, 2017)"
HH28,"MacBook (Retina, 12-inch, 2017)"
HH29,"MacBook (Retina, 12-inch, 2017)"
HH2C,"MacBook (Retina, 12-inch, 2017)"
HH2D,"MacBook (Retina, 12-inch, 2017)"
HH2F,"MacBook (Retina, 12-inch, 2017)"
HH2G,"MacBook (Retina, 12-inch, 2017)"
HH2H,"MacBook (Retina, 12-inch, 2017)"
HH2J,"MacBook (Retina, 12-inch, 2017)"
HH2K,"MacBook (Retina, 12-inch, 2017)"
HMMF,"MacBook Pro (Retina, 15-inch, Mid 2015)"
HP49,"MacBook Pro (13-inch, 2016, Four Thunderbolt 3 Ports)"
HP4D,"MacBook Pro (13-inch, 2016, Four Thunderbolt 3 Ports)"
HRMD,"MacBook (Retina, 12-inch, Early 2016)"
HRMF,"MacBook (Retina, 12-inch, Early 2016)"
HRMG,"MacBook (Retina, 12-inch, Early 2016)"
HTD5,"MacBook Pro (15-inch, 2017)"
HTD6,"MacBook Pro (15-inch, 2017)"
HTD7,"MacBook Pro (15-inch, 2017)"
HTD8,"MacBook Pro (15-inch, 2017)"
HTD9,"MacBook Pro (15-inch, 2017)"
HTDC,"MacBook Pro (15-inch, 2017)"
HTDD,"MacBook Pro (15-inch, 2017)"
HTDF,"MacBook Pro (15-inch, 2017)"
HTDG,"MacBook Pro (15-inch, 2017)"
HTDH,"MacBook Pro (15-inch, 2017)"
HTYF,"MacBook Pro (Retina, 13-inch, Early 2015)"
HV22,"MacBook Pro (13-inch, 2017, Two Thunderbolt 3 ports)"
HV27,"MacBook Pro (13-inch, 2017, Two Thunderbolt 3 ports)"
HV29,"MacBook Pro (13-inch, 2017, Two Thunderbolt 3 ports)"
HV2D,"MacBook Pro (13-inch, 2017, Two Thunderbolt 3 ports)"
HV2F,"MacBook Pro (13-inch, 2017, Two Thunderbolt 3 ports)"
HV2G,"MacBook Pro (13-inch, 2017, Two Thunderbolt 3 ports)"
HV2H,"MacBook Pro (13-inch, 2017, Two Thunderbolt 3 ports)"
HV2J,"MacBook Pro (13-inch, 2017, Two Thunderbolt 3 ports)"
HV2K,"MacBook Pro (Retina, 15-inch, Mid 2015)"
HV2L,"MacBook Pro (13-inch, 2017, Four Thunderbolt 3 Ports)"
HV2M,"MacBook Pro (13-inch, 2017, Four Thunderbolt 3 Ports)"
HV2N,"MacBook Pro (13-inch, 2017, Four Thunderbolt 3 Ports)"
HV2P,"MacBook Pro (13-inch, 2017, Four Thunderbolt 3 Ports)"
HV2Q,"MacBook Pro (13-inch, 2017, Four Thunderbolt 3 Ports)"
HV2R,"MacBook Pro (13-inch, 2017, Four Thunderbolt 3 Ports)"
HV2T,"MacBook Pro (13-inch, 2017, Four Thunderbolt 3 Ports)"
HV2V,"MacBook Pro (13-inch, 2017, Four Thunderbolt 3 Ports)"
HV2W,"MacBook Pro (13-inch, 2017, Four Thunderbolt 3 Ports)"
HV2X,"MacBook Pro (13-inch, 2017, Four Thunderbolt 3 Ports)"
HV36,"MacBook Pro (Retina, 15-inch, Mid 2015)"
HV37,"MacBook Pro (Retina, 15-inch, Mid 2015)"
HV59,"MacBook Pro (Retina, 13-inch, Early 2015)"
HV5D,"MacBook Pro (13-inch, 2016, Two Thunderbolt 3 ports)"
HV5G,"MacBook Pro (13-inch, 2016, Two Thunderbolt 3 ports)"
HV5H,"MacBook Pro (13-inch, 2016, Two Thunderbolt 3 ports)"
HV5J,"MacBook Pro (13-inch, 2016, Two Thunderbolt 3 ports)"
HV5K,"MacBook Pro (13-inch, 2016, Two Thunderbolt 3 ports)"
HV5L,"MacBook Pro (13-inch, 2016, Two Thunderbolt 3 ports)"
HV5M,"MacBook Pro (13-inch, 2016, Two Thunderbolt 3 ports)"
HV5N,"MacBook Pro (13-inch, 2016, Two Thunderbolt 3 ports)"
HWCG,"MacBook Pro (15-inch, 2016)"
HWCH,"MacBook Pro (13-inch, 2016, Two Thunderbolt 3 ports)"
HWH2,"MacBook Pro (13-inch, 2016, Four Thunderbolt 3 Ports)"
HXD3,"MacBook Pro (15-inch, 2016)"
HXD5,"MacBook Pro (13-inch, 2016, Four Thunderbolt 3 Ports)"
HXF8,"MacBook Pro (15-inch, 2016)"
HYP5,"MacBook Pro (13-inch, 2016, Two Thunderbolt 3 ports)"
HYVM,"MacBook Air (11-inch, Early 2015)"
J1WK,"MacBook Air (13-inch, 2017)"
J1WL,"MacBook Air (13-inch, 2017)"
J1WM,"MacBook Air (13-inch, 2017)"
J1WT,"MacBook Air (13-inch, 2017)"
J1WV,"MacBook Air (13-inch, 2017)"
J21W,"MacBook Pro (13-inch, 2016, Two Thunderbolt 3 ports)"
J4NY,"MacBook Pro (Retina, 13-inch, Early 2015)"
J5KW,"MacBook Pro (13-inch, 2016, Two Thunderbolt 3 ports)"
J64G,"MacBook (Retina, 12-inch, 2017)"
J64H,"MacBook (Retina, 12-inch, 2017)"
J64J,"MacBook (Retina, 12-inch, 2017)"
J65G,"MacBook (Retina, 12-inch, 2017)"
J69C,"MacBook Pro (Retina, 13-inch, Early 2015)"
J6CP,"MacBook Pro (15-inch, 2017)"
J6CQ,"MacBook Pro (15-inch, 2017)"
J6VL,"MacBook Air (13-inch, Early 2015)"
J762,"MacBook Air (11-inch, Early 2015)"
J8DY,"MacBook Pro (13-inch, 2017, Two Thunderbolt 3 ports)"
J8F0,"MacBook Pro (13-inch, 2017, Two Thunderbolt 3 ports)"
J8F1,"MacBook Pro (13-inch, 2017, Two Thunderbolt 3 ports)"
J8F2,"MacBook Pro (13-inch, 2017, Two Thunderbolt 3 ports)"
J8KC,"MacBook Pro (15-inch, 2017)"
J8N7,"MacBook Air (13-inch, 2017)"
J8XG,"MacBook Air (13-inch, 2017)"
J8XH,"MacBook Air (13-inch, 2017)"
J925,"MacBook Pro (15-inch, 2017)"
J926,"MacBook Pro (15-inch, 2017)"
J931,"MacBook Pro (15-inch, 2017)"
J932,"MacBook Pro (15-inch, 2017)"
J933,"MacBook Pro (15-inch, 2017)"
J934,"MacBook Pro (15-inch, 2017)"
J935,"MacBook Pro (15-inch, 2017)"
J936,"MacBook Pro (15-inch, 2017)"
J937,"MacBook Pro (15-inch, 2017)"
J938,"MacBook Pro (15-inch, 2017)"
J939,"MacBook Pro (15-inch, 2017)"
J93C,"MacBook Pro (15-inch, 2017)"
J93D,"MacBook Pro (15-inch, 2017)"
J93F,"MacBook Pro (15-inch, 2017)"
J93G,"MacBook Pro (15-inch, 2017)"
J93H,"MacBook Pro (15-inch, 2017)"
J93J,"MacBook Pro (15-inch, 2017)"
J93K,"MacBook Pro (15-inch, 2017)"
J93L,"MacBook Pro (15-inch, 2017)"
J93M,"MacBook Pro (15-inch, 2017)"
J93N,"MacBook Pro (15-inch, 2017)"
J93P,"MacBook Pro (15-inch, 2017)"
J9HX,"MacBook Air (13-inch, 2017)"
J9J1,"MacBook Pro (13-inch, 2017, Four Thunderbolt 3 Ports)"
J9J2,"MacBook Pro (13-inch, 2017, Four Thunderbolt 3 Ports)"
J9J3,"MacBook Pro (13-inch, 2017, Four Thunderbolt 3 Ports)"
J9J4,"MacBook Pro (13-inch, 2017, Four Thunderbolt 3 Ports)"
J9J5,"MacBook Pro (13-inch, 2017, Four Thunderbolt 3 Ports)"
J9J6,"MacBook Pro (13-inch, 2017, Four Thunderbolt 3 Ports)"
J9J7,"MacBook Pro (13-inch, 2017, Four Thunderbolt 3 Ports)"
J9J8,"MacBook Pro (13-inch, 2017, Four Thunderbolt 3 Ports)"
J9J9,"MacBook Pro (13-inch, 2017, Four Thunderbolt 3 Ports)"
J9JD,"MacBook Pro (13-inch, 2017, Four Thunderbolt 3 Ports)"
J9JF,"MacBook Pro (13-inch, 2017, Four Thunderbolt 3 Ports)"
J9JG,"MacBook Pro (13-inch, 2017, Four Thunderbolt 3 Ports)"
J9JH,"MacBook Pro (13-inch, 2017, Four Thunderbolt 3 Ports)"
J9JM,"MacBook Pro (13-inch, 2017, Two Thunderbolt 3 ports)"
J9JN,"MacBook Pro (13-inch, 2017, Two Thunderbolt 3 ports)"
J9JP,"MacBook Pro (13-inch, 2017, Two Thunderbolt 3 ports)"
J9JQ,"MacBook Pro (13-inch, 2017, Two Thunderbolt 3 ports)"
J9JR,"MacBook Pro (13-inch, 2017, Two Thunderbolt 3 ports)"
J9JT,"MacBook Pro (13-inch, 2017, Two Thunderbolt 3 ports)"
J9JV,"MacBook Pro (13-inch, 2017, Two Thunderbolt 3 ports)"
J9JW,"MacBook Pro (13-inch, 2017, Two Thunderbolt 3 ports)"
J9JX,"MacBook Pro (13-inch, 2017, Two Thunderbolt 3 ports)"
J9JY,"MacBook Pro (13-inch, 2017, Two Thunderbolt 3 ports)"
J9K0,"MacBook Pro (13-inch, 2017, Two Thunderbolt 3 ports)"
J9K1,"MacBook Pro (13-inch, 2017, Two Thunderbolt 3 ports)"
J9K2,"MacBook Pro (13-inch, 2017, Two Thunderbolt 3 ports)"
J9K3,"MacBook Pro (13-inch, 2017, Two Thunderbolt 3 ports)"
J9K4,"MacBook Pro (13-inch, 2017, Two Thunderbolt 3 ports)"
J9K5,"MacBook Pro (13-inch, 2017, Two Thunderbolt 3 ports)"
J9K6,"MacBook Pro (13-inch, 2017, Two Thunderbolt 3 ports)"
J9K7,"MacBook Pro (13-inch, 2017, Two Thunderbolt 3 ports)"
J9K8,"MacBook Pro (13-inch, 2017, Two Thunderbolt 3 ports)"
J9K9,"MacBook Pro (13-inch, 2017, Two Thunderbolt 3 ports)"
J9KC,"MacBook Pro (13-inch, 2017, Two Thunderbolt 3 ports)"
J9TN,"MacBook Air (13-inch, 2017)"
J9TP,"MacBook Air (13-inch, 2017)"
J9TQ,"MacBook Air (13-inch, 2017)"
J9XD,"MacBook (Retina, 12-inch, 2017)"
JC5J,"MacBook (Retina, 12-inch, Early 2016)"
JC9H,"MacBook Air (13-inch, 2017)"
JCD6,"MacBook Air (13-inch, 2017)"
JCPR,"MacBook Pro (13-inch, 2017, Two Thunderbolt 3 ports)"
JCYQ,"MacBook Pro (13-inch, 2017, Four Thunderbolt 3 Ports)"
JD04,"MacBook Pro (15-inch, 2017)"
JD06,"MacBook Pro (15-inch, 2017)"
JD9D,"MacBook Pro (13-inch, 2017, Two Thunderbolt 3 ports)"
JFLY,"MacBook Air (13-inch, 2017)"
JG5H,"MacBook Pro (15-inch, 2018)"
JG5J,"MacBook Pro (15-inch, 2018)"
JG5K,"MacBook Pro (15-inch, 2018)"
JG5L,"MacBook Pro (15-inch, 2018)"
JG5M,"MacBook Pro (15-inch, 2018)"
JGH5,"MacBook Pro (15-inch, 2018)"
JGH6,"MacBook Pro (15-inch, 2018)"
JGH7,"MacBook Pro (15-inch, 2018)"
JGH8,"MacBook Pro (15-inch, 2018)"
JHC8,"MacBook Pro (13-inch, 2018, Four Thunderbolt 3 Ports)"
JHC9,"MacBook Pro (13-inch, 2018, Four Thunderbolt 3 Ports)"
JHCC,"MacBook Pro (13-inch, 2018, Four Thunderbolt 3 Ports)"
JHCD,"MacBook Pro (13-inch, 2018, Four Thunderbolt 3 Ports)"
JHCF,"MacBook Pro (13-inch, 2018, Four Thunderbolt 3 Ports)"
JHD2,"MacBook Pro (13-inch, 2018, Four Thunderbolt 3 Ports)"
JHD3,"MacBook Pro (13-inch, 2018, Four Thunderbolt 3 Ports)"
JHD4,"MacBook Pro (13-inch, 2018, Four Thunderbolt 3 Ports)"
JHD5,"MacBook Pro (13-inch, 2018, Four Thunderbolt 3 Ports)"
JHTD,"MacBook Pro (15-inch, 2017)"
JHTF,"MacBook Pro (13-inch, 2017, Four Thunderbolt 3 Ports)"
JJ3D,"MacBook Pro (13-inch, 2017, Two Thunderbolt 3 ports)"
JJ3F,"MacBook Pro (13-inch, 2017, Four Thunderbolt 3 Ports)"
JJ3G,"MacBook Pro (13-inch, 2017, Four Thunderbolt 3 Ports)"
JJ3H,"MacBook Pro (13-inch, 2017, Four Thunderbolt 3 Ports)"
JJ3J,"MacBook Pro (13-inch, 2017, Four Thunderbolt 3 Ports)"
JK77,"MacBook Air (Retina, 13-inch, 2018)"
JK78,"MacBook Air (Retina, 13-inch, 2018)"
JK7C,"MacBook Air (Retina, 13-inch, 2018)"
JK7D,"MacBook Air (Retina, 13-inch, 2018)"
JK7F,"MacBook Air (Retina, 13-inch, 2018)"
JK7G,"MacBook Air (Retina, 13-inch, 2018)"
JK7L,"MacBook Air (Retina, 13-inch, 2018)"
JK7M,"MacBook Air (Retina, 13-inch, 2018)"
JK7P,"MacBook Air (Retina, 13-inch, 2018)"
JK7Q,"MacBook Air (Retina, 13-inch, 2018)"
JK7R,"MacBook Air (Retina, 13-inch, 2018)"
JK7T,"MacBook Air (Retina, 13-inch, 2018)"
JKHD,"MacBook Air (13-inch, 2017)"
JKHF,"MacBook Air (13-inch, 2017)"
JKXH,"MacBook Pro (13-inch, 2017, Two Thunderbolt 3 ports)"
JKXM,"MacBook Pro (13-inch, 2017, Four Thunderbolt 3 Ports)"
JPXM,"MacBook (Retina, 12-inch, 2017)"
JPXN,"MacBook (Retina, 12-inch, 2017)"
JPXP,"MacBook (Retina, 12-inch, 2017)"
JPXQ,"MacBook (Retina, 12-inch, 2017)"
JV29,"MacBook Pro (13-inch, 2017, Two Thunderbolt 3 ports)"
K141,"MacBook Pro (13-inch, 2017, Four Thunderbolt 3 Ports)"
KAGY,"MacBook Pro (15-inch, Mid 2010)"
KGRL,"MacBook Pro (13-inch, Mid 2010)"
KGYF,"MacBook Pro (15-inch, 2018)"
KGYG,"MacBook Pro (15-inch, 2018)"
KGYH,"MacBook Pro (15-inch, 2018)"
KK98,"MacBook Pro (13-inch, 2018, Four Thunderbolt 3 Ports)"
KK99,"MacBook Pro (13-inch, 2018, Four Thunderbolt 3 Ports)"
KK9C,"MacBook Pro (13-inch, 2018, Four Thunderbolt 3 Ports)"
KQ1X,"MacBook Pro (13-inch, 2018, Four Thunderbolt 3 Ports)"
KQ1Y,"MacBook Pro (13-inch, 2018, Four Thunderbolt 3 Ports)"
KQ20,"MacBook Pro (13-inch, 2018, Four Thunderbolt 3 Ports)"
KQ21,"MacBook Pro (13-inch, 2018, Four Thunderbolt 3 Ports)"
KQ22,"MacBook Pro (13-inch, 2018, Four Thunderbolt 3 Ports)"
KQ23,"MacBook Pro (13-inch, 2018, Four Thunderbolt 3 Ports)"
KQ24,"MacBook Pro (13-inch, 2018, Four Thunderbolt 3 Ports)"
KQ25,"MacBook Pro (13-inch, 2018, Four Thunderbolt 3 Ports)"
KQ26,"MacBook Pro (13-inch, 2018, Four Thunderbolt 3 Ports)"
KQ27,"MacBook Pro (13-inch, 2018, Four Thunderbolt 3 Ports)"
KQ9Q,"MacBook Pro (15-inch, 2018)"
KQ9R,"MacBook Pro (15-inch, 2018)"
KQ9T,"MacBook Pro (15-inch, 2018)"
KQ9V,"MacBook Pro (15-inch, 2018)"
KQ9W,"MacBook Pro (15-inch, 2018)"
KQ9X,"MacBook Pro (15-inch, 2018)"
KQ9Y,"MacBook Pro (15-inch, 2018)"
KQC0,"MacBook Pro (15-inch, 2018)"
KQC1,"MacBook Pro (15-inch, 2018)"
KQC2,"MacBook Pro (15-inch, 2018)"
KQC3,"MacBook Pro (15-inch, 2018)"
KQC4,"MacBook Pro (15-inch, 2018)"
KQC5,"MacBook Pro (15-inch, 2018)"
KQC6,"MacBook Pro (15-inch, 2018)"
KQC7,"MacBook Pro (15-inch, 2018)"
KQC8,"MacBook Pro (15-inch, 2018)"
KQC9,"MacBook Pro (15-inch, 2018)"
KQCC,"MacBook Pro (15-inch, 2018)"
KQCD,"MacBook Pro (15-inch, 2018)"
KQCF,"MacBook Pro (15-inch, 2018)"
KQCG,"MacBook Pro (15-inch, 2018)"
KQCH,"MacBook Pro (15-inch, 2018)"
KQCJ,"MacBook Pro (15-inch, 2018)"
KQCK,"MacBook Pro (15-inch, 2018)"
KQCL,"MacBook Pro (15-inch, 2018)"
KQCM,"MacBook Pro (15-inch, 2018)"
KQCN,"MacBook Pro (15-inch, 2018)"
KQCP,"MacBook Pro (15-inch, 2018)"
KQCQ,"MacBook Pro (15-inch, 2018)"
KQCR,"MacBook Pro (15-inch, 2018)"
KQCT,"MacBook Pro (15-inch, 2018)"
KQCV,"MacBook Pro (15-inch, 2018)"
KQCW,"MacBook Pro (15-inch, 2018)"
KQCX,"MacBook Pro (15-inch, 2018)"
KWJ2,"MacBook Pro (15-inch, 2018)"
L40Y,"MacBook Pro (13-inch, 2019, Two Thunderbolt 3 ports)"
L410,"MacBook Pro (13-inch, 2019, Two Thunderbolt 3 ports)"
L411,"MacBook Pro (13-inch, 2019, Two Thunderbolt 3 ports)"
L412,"MacBook Pro (13-inch, 2019, Two Thunderbolt 3 ports)"
L413,"MacBook Pro (13-inch, 2019, Two Thunderbolt 3 ports)"
L414,"MacBook Pro (13-inch, 2019, Two Thunderbolt 3 ports)"
L415,"MacBook Pro (13-inch, 2019, Two Thunderbolt 3 ports)"
L416,"MacBook Pro (13-inch, 2019, Two Thunderbolt 3 ports)"
L42X,"MacBook Pro (13-inch, 2018, Four Thunderbolt 3 Ports)"
L4FC,"MacBook Pro (13-inch, 2018, Four Thunderbolt 3 Ports)"
L4FD,"MacBook Pro (13-inch, 2018, Four Thunderbolt 3 Ports)"
L4FF,"MacBook Pro (13-inch, 2018, Four Thunderbolt 3 Ports)"
L4FG,"MacBook Pro (13-inch, 2018, Four Thunderbolt 3 Ports)"
L4FJ,"MacBook Pro (13-inch, 2018, Four Thunderbolt 3 Ports)"
L4HW,"MacBook Pro (15-inch, 2018)"
L4HX,"MacBook Pro (15-inch, 2018)"
L4JT,"MacBook Pro (13-inch, 2018, Four Thunderbolt 3 Ports)"
L539,"MacBook Pro (15-inch, 2018)"
L53D,"MacBook Pro (15-inch, 2018)"
L7GC,"MacBook Pro (15-inch, 2018)"
L7GD,"MacBook Pro (13-inch, 2018, Four Thunderbolt 3 Ports)"
LATN,"MacBook Pro (13-inch, Mid 2010)"
LC8J,"MacBook Pro (15-inch, 2018)"
LC8K,"MacBook Pro (15-inch, 2018)"
LC8L,"MacBook Pro (15-inch, 2018)"
LCM6,"MacBook Pro (15-inch, 2018)"
LK86,"MacBook Air (Retina, 13-inch, 2018)"
LK87,"MacBook Air (Retina, 13-inch, 2018)"
LK88,"MacBook Air (Retina, 13-inch, 2018)"
LK8C,"MacBook Pro (13-inch, 2018, Four Thunderbolt 3 Ports)"
LLDN,"MacBook Air (Retina, 13-inch, 2018)"
LLDP,"MacBook Air (Retina, 13-inch, 2018)"
LLDQ,"MacBook Air (Retina, 13-inch, 2018)"
LQ07,"MacBook Air (13-inch, 2017)"
LQDC,"MacBook Air (Retina, 13-inch, 2018)"
LQDD,"MacBook Air (Retina, 13-inch, 2018)"
LQF1,"MacBook Air (13-inch, 2017)"
LR0X,"MacBook Air (Retina, 13-inch, 2018)"
LR0Y,"MacBook Air (Retina, 13-inch, 2018)"
LVCF,"MacBook Pro (15-inch, 2019)"
LVCG,"MacBook Pro (15-inch, 2019)"
LVCH,"MacBook Pro (15-inch, 2019)"
LVCJ,"MacBook Pro (15-inch, 2019)"
LVCK,"MacBook Pro (15-inch, 2019)"
LVCL,"MacBook Pro (15-inch, 2019)"
LVDC,"MacBook Pro (13-inch, 2019, Four Thunderbolt 3 ports)"
LVDD,"MacBook Pro (13-inch, 2019, Four Thunderbolt 3 ports)"
LVDF,"MacBook Pro (13-inch, 2019, Four Thunderbolt 3 ports)"
LVDG,"MacBook Pro (13-inch, 2019, Four Thunderbolt 3 ports)"
LVDH,"MacBook Pro (13-inch, 2019, Four Thunderbolt 3 ports)"
LVDL,"MacBook Pro (13-inch, 2019, Four Thunderbolt 3 ports)"
LVDM,"MacBook Pro (13-inch, 2019, Four Thunderbolt 3 ports)"
LVDN,"MacBook Pro (13-inch, 2019, Four Thunderbolt 3 ports)"
LVDP,"MacBook Pro (13-inch, 2019, Four Thunderbolt 3 ports)"
LVDQ,"MacBook Pro (15-inch, 2019)"
LVDR,"MacBook Pro (15-inch, 2019)"
LVDT,"MacBook Pro (15-inch, 2019)"
LVDV,"MacBook Pro (15-inch, 2019)"
LYWG,"MacBook Air (Retina, 13-inch, 2019)"
LYWH,"MacBook Air (Retina, 13-inch, 2019)"
LYWJ,"MacBook Air (Retina, 13-inch, 2019)"
LYWK,"MacBook Air (Retina, 13-inch, 2019)"
LYWL,"MacBook Air (Retina, 13-inch, 2019)"
LYWM,"MacBook Air (Retina, 13-inch, 2019)"
LYWN,"MacBook Air (Retina, 13-inch, 2019)"
LYWP,"MacBook Air (Retina, 13-inch, 2019)"
LYWQ,"MacBook Air (Retina, 13-inch, 2019)"
LYWR,"MacBook Air (Retina, 13-inch, 2019)"
LYWT,"MacBook Air (Retina, 13-inch, 2019)"
LYWV,"MacBook Air (Retina, 13-inch, 2019)"
M6KG,"MacBook Air (Retina, 13-inch, 2020)"
M6KH,"MacBook Air (Retina, 13-inch, 2020)"
M6KJ,"MacBook Air (Retina, 13-inch, 2020)"
M6KK,"MacBook Air (Retina, 13-inch, 2020)"
M6KL,"MacBook Air (Retina, 13-inch, 2020)"
M6KM,"MacBook Air (Retina, 13-inch, 2020)"
M6X5,"MacBook Air (Retina, 13-inch, 2019)"
M6X7,"MacBook Air (Retina, 13-inch, 2019)"
MCKP,"MacBook Air (Retina, 13-inch, 2018)"
MCKQ,"MacBook Air (Retina, 13-inch, 2018)"
MCKR,"MacBook Air (Retina, 13-inch, 2018)"
MCKT,"MacBook Air (Retina, 13-inch, 2018)"
MD6M,"MacBook Pro (16-inch, 2019)"
MD6N,"MacBook Pro (16-inch, 2019)"
MD6P,"MacBook Pro (16-inch, 2019)"
MD6Q,"MacBook Pro (16-inch, 2019)"
MD6R,"MacBook Pro (16-inch, 2019)"
MD6T,"MacBook Pro (16-inch, 2019)"
MD6V,"MacBook Pro (16-inch, 2019)"
MD6W,"MacBook Pro (16-inch, 2019)"
MD6X,"MacBook Pro (16-inch, 2019)"
MFWJ,"MacBook Air (13-inch, 2017)"
MJLR,"MacBook Pro (15-inch, 2018)"
MJLT,"MacBook Pro (15-inch, 2018)"
ML7H,"MacBook Pro (13-inch, 2020, Four Thunderbolt 3 ports)"
ML7J,"MacBook Pro (13-inch, 2020, Four Thunderbolt 3 ports)"
ML7K,"MacBook Pro (13-inch, 2020, Four Thunderbolt 3 ports)"
ML7L,"MacBook Pro (13-inch, 2020, Four Thunderbolt 3 ports)"
ML7M,"MacBook Pro (13-inch, 2020, Four Thunderbolt 3 ports)"
ML85,"MacBook Pro (13-inch, 2020, Four Thunderbolt 3 ports)"
ML86,"MacBook Pro (13-inch, 2020, Four Thunderbolt 3 ports)"
ML87,"MacBook Pro (13-inch, 2020, Four Thunderbolt 3 ports)"
ML88,"MacBook Pro (13-inch, 2020, Four Thunderbolt 3 ports)"
MLVD,"MacBook Air (Retina, 13-inch, 2020)"
MLVF,"MacBook Air (Retina, 13-inch, 2020)"
MNHP,"MacBook Air (Retina, 13-inch, 2020)"
MNHQ,"MacBook Air (Retina, 13-inch, 2020)"
MNHR,"MacBook Air (Retina, 13-inch, 2020)"
MNHX,"MacBook Air (Retina, 13-inch, 2020)"
MNHY,"MacBook Air (Retina, 13-inch, 2020)"
MNJ0,"MacBook Air (Retina, 13-inch, 2020)"
MV9K,"MacBook Pro (13-inch, 2019, Four Thunderbolt 3 ports)"
MV9R,"MacBook Pro (13-inch, 2019, Four Thunderbolt 3 ports)"
MV9T,"MacBook Pro (15-inch, 2019)"
MVC0,"MacBook Pro (15-inch, 2019)"
N5T5,"MacBook Pro (13-inch, 2019, Four Thunderbolt 3 ports)"
N5T6,"MacBook Pro (15-inch, 2019)"
N6KF,"MacBook Pro (15-inch, 2019)"
N6RJ,"MacBook Pro (15-inch, 2019)"
N71C,"MacBook Pro (13-inch, 2019, Two Thunderbolt 3 ports)"
N71D,"MacBook Pro (13-inch, 2019, Two Thunderbolt 3 ports)"
N71F,"MacBook Pro (13-inch, 2019, Two Thunderbolt 3 ports)"
N71G,"MacBook Pro (13-inch, 2019, Two Thunderbolt 3 ports)"
N797,"MacBook Air (Retina, 13-inch, 2019)"
N86D,"MacBook (Retina, 12-inch, 2017)"
NATM,"MacBook Pro (13-inch, Mid 2010)"
NCLV,"MacBook Pro (13-inch, 2019, Four Thunderbolt 3 ports)"
NCLW,"MacBook Pro (13-inch, 2019, Four Thunderbolt 3 ports)"
NCLX,"MacBook Pro (13-inch, 2019, Four Thunderbolt 3 ports)"
NCLY,"MacBook Pro (13-inch, 2019, Four Thunderbolt 3 ports)"
NCM0,"MacBook Pro (13-inch, 2019, Four Thunderbolt 3 ports)"
NCM1,"MacBook Pro (13-inch, 2019, Four Thunderbolt 3 ports)"
NCM2,"MacBook Pro (13-inch, 2019, Four Thunderbolt 3 ports)"
NCM3,"MacBook Pro (15-inch, 2019)"
NCM4,"MacBook Pro (15-inch, 2019)"
NCM5,"MacBook Pro (15-inch, 2019)"
NCM6,"MacBook Pro (15-inch, 2019)"
NQM8,"MacBook Pro (13-inch, 2019, Four Thunderbolt 3 ports)"
NQM9,"MacBook Pro (15-inch, 2019)"
NQMC,"MacBook Pro (15-inch, 2019)"
NQMD,"MacBook Pro (15-inch, 2019)"
NQMF,"MacBook Pro (15-inch, 2019)"
NR4Y,"MacBook Pro (13-inch, 2019, Two Thunderbolt 3 ports)"
NXJM,"MacBook Pro (13-inch, 2019, Two Thunderbolt 3 ports)"
NY17,"MacBook Pro (13-inch, 2019, Two Thunderbolt 3 ports)"
NY18,"MacBook Pro (13-inch, 2019, Two Thunderbolt 3 ports)"
NY19,"MacBook Pro (13-inch, 2019, Two Thunderbolt 3 ports)"
NY1C,"MacBook Pro (13-inch, 2019, Two Thunderbolt 3 ports)"
NY1F,"MacBook Pro (13-inch, 2019, Two Thunderbolt 3 ports)"
NY1G,"MacBook Pro (13-inch, 2019, Two Thunderbolt 3 ports)"
NY1H,"MacBook Pro (13-inch, 2019, Two Thunderbolt 3 ports)"
NY1J,"MacBook Air (Retina, 13-inch, 2019)"
NY1K,"MacBook Air (Retina, 13-inch, 2019)"
P0GW,"MacBook Air (Retina, 13-inch, 2019)"
P0GX,"MacBook Air (Retina, 13-inch, 2019)"
P0LW,"MacBook Pro (13-inch, 2019, Two Thunderbolt 3 ports)"
P3XY,"MacBook Pro (13-inch, 2020, Two Thunderbolt 3 ports)"
P3Y0,"MacBook Pro (13-inch, 2020, Two Thunderbolt 3 ports)"
P3Y1,"MacBook Pro (13-inch, 2020, Two Thunderbolt 3 ports)"
P3Y2,"MacBook Pro (13-inch, 2020, Two Thunderbolt 3 ports)"
P3YV,"MacBook Pro (13-inch, 2020, Two Thunderbolt 3 ports)"
P3YW,"MacBook Pro (13-inch, 2020, Two Thunderbolt 3 ports)"
P3YX,"MacBook Pro (13-inch, 2020, Two Thunderbolt 3 ports)"
P3YY,"MacBook Pro (13-inch, 2020, Two Thunderbolt 3 ports)"
P4G1,"MacBook Pro (13-inch, 2019, Four Thunderbolt 3 ports)"
P4G2,"MacBook Pro (13-inch, 2019, Four Thunderbolt 3 ports)"
P4L9,"MacBook Air (Retina, 13-inch, 2019)"
P4LC,"MacBook Air (Retina, 13-inch, 2019)"
P4LD,"MacBook Air (Retina, 13-inch, 2019)"
P4LF,"MacBook Pro (13-inch, 2019, Two Thunderbolt 3 ports)"
PATN,"MacBook Pro (13-inch, Mid 2010)"
PG8T,"MacBook Pro (16-inch, 2019)"
PG8V,"MacBook Pro (16-inch, 2019)"
PG8W,"MacBook Pro (16-inch, 2019)"
PG8X,"MacBook Pro (16-inch, 2019)"
PG8Y,"MacBook Pro (16-inch, 2019)"
PG90,"MacBook Pro (16-inch, 2019)"
PG91,"MacBook Pro (16-inch, 2019)"
Q05D,"MacBook Pro (13-inch, M1, 2020)"
Q05F,"MacBook Pro (13-inch, M1, 2020)"
Q05G,"MacBook Pro (13-inch, M1, 2020)"
Q05H,"MacBook Pro (13-inch, M1, 2020)"
Q05N,"MacBook Pro (13-inch, M1, 2020)"
Q05P,"MacBook Pro (13-inch, M1, 2020)"
Q05Q,"MacBook Pro (13-inch, M1, 2020)"
Q05R,"MacBook Pro (13-inch, M1, 2020)"
Q0WM,"MacBook Air (Retina, 13-inch, 2020)"
Q0WN,"MacBook Air (Retina, 13-inch, 2020)"
Q6L3,"MacBook Air (M1, 2020)"
Q6L4,"MacBook Air (M1, 2020)"
Q6L5,"MacBook Air (M1, 2020)"
Q6L6,"MacBook Air (M1, 2020)"
Q6L7,"MacBook Air (M1, 2020)"
Q6L8,"MacBook Air (M1, 2020)"
Q6LC,"MacBook Air (M1, 2020)"
Q6LD,"MacBook Air (M1, 2020)"
Q6LR,"MacBook Air (M1, 2020)"
Q6LT,"MacBook Air (M1, 2020)"
Q6LW,"MacBook Air (M1, 2020)"
Q6LX,"MacBook Air (M1, 2020)"
Q6M1,"MacBook Air (M1, 2020)"
Q72V,"MacBook Air (Retina, 13-inch, 2020)"
Q72X,"MacBook Air (M1, 2020)"
QAGV,"MacBook Pro (15-inch, Mid 2010)"
QAGW,"MacBook Pro (15-inch, Mid 2010)"
RATM,"MacBook Pro (13-inch, Mid 2010)"
RATN,"MacBook Pro (13-inch, Mid 2010)"
SATM,"MacBook Pro (13-inch, Mid 2010)"
ST61,"MacBook Pro (13-inch, Early 2011)"
TAGU,"MacBook Pro (15-inch, Mid 2010)"
TAGW,"MacBook Pro (15-inch, Mid 2010)"
UHE6,"MacBook Pro (15-inch, Mid 2010)"
WAGW,"MacBook Pro (15-inch, Mid 2010)"
XATP,"MacBook Pro (13-inch, Mid 2010)"
ZAGU,"MacBook Pro (15-inch, Mid 2010)"
265D,"MacBook Air (M1, 2020)"
